MMETSP0004,MMETSP0004_2
MMETSP0006,MMETSP0006_2
MMETSP0008,MMETSP0008_2
MMETSP0009,MMETSP0009_2
MMETSP0010,MMETSP0010_2
MMETSP0011,MMETSP0011_2
MMETSP0013,MMETSP0013_2
MMETSP0014,MMETSP0014_2
MMETSP0015,MMETSP0015_2
MMETSP0017,MMETSP0017_2
MMETSP0018,MMETSP0018_2
MMETSP0019,MMETSP0019_2
MMETSP0020,MMETSP0020_2
MMETSP0033,MMETSP0033_2
MMETSP0034,MMETSP0034_2
MMETSP0038,MMETSP0038_2
MMETSP0039,MMETSP0039_2
MMETSP0040,MMETSP0040_2
MMETSP0041,MMETSP0041_2
MMETSP0042,MMETSP0042_2
MMETSP0043,MMETSP0043_2
MMETSP0045,MMETSP0045_2
MMETSP0046,MMETSP0046_2
MMETSP0047,MMETSP0047_2
MMETSP0052,MMETSP0052_2
MMETSP0063,MMETSP0063_2
MMETSP0086,MMETSP0086_2
MMETSP0099,MMETSP0099_2
MMETSP0100,MMETSP0100_2
MMETSP0105,MMETSP0105_2
MMETSP0106,MMETSP0106_2
MMETSP0107,MMETSP0107_2
MMETSP0110,MMETSP0110_2
MMETSP0111,MMETSP0111_2
MMETSP0112,MMETSP0112_2
MMETSP0113,MMETSP0113_2
MMETSP0116,MMETSP0116_2
MMETSP0117,MMETSP0117_2
MMETSP0118,MMETSP0118_2
MMETSP0119,MMETSP0119_2
MMETSP0120,MMETSP0120_2
MMETSP0121,MMETSP0121_2
MMETSP0132,MMETSP0132_2C
MMETSP0139,MMETSP0139_2
MMETSP0140,MMETSP0140_2
MMETSP0141,MMETSP0141_2
MMETSP0142,MMETSP0142_2
MMETSP0151,MMETSP0151_2
MMETSP0160,MMETSP0160_2
MMETSP0161,MMETSP0161_2
MMETSP0164,MMETSP0164_2
MMETSP0173,MMETSP0173_2
MMETSP0190,MMETSP0190_2
MMETSP0196,MMETSP0196C
MMETSP0198,MMETSP0198_2
MMETSP0199,MMETSP0199_2
MMETSP0200,MMETSP0200_2
MMETSP0223,MMETSP0223_2
MMETSP0229,MMETSP0229_2
MMETSP0251,MMETSP0251_2
MMETSP0318,MMETSP0318_2
MMETSP0323,MMETSP0323_2
MMETSP0324,MMETSP0324_2
MMETSP0325,MMETSP0325_2
MMETSP0326,MMETSP0326_2
MMETSP0380,MMETSP0378C
MMETSP0398,MMETSP0398C
MMETSP0404,MMETSP0404_2
MMETSP0419,MMETSP0419_2
MMETSP0449,MMETSP0449_2
MMETSP0451,MMETSP0451_2C
MMETSP0484,MMETSP0484_2
MMETSP0491,MMETSP0491_2
MMETSP0527,MMETSP0527_2
MMETSP0528,MMETSP0528_2
MMETSP0648,MMETSP0648_2
MMETSP0649,MMETSP0649_2
MMETSP0689,MMETSP0689_2
MMETSP0766,MMETSP0766_2
MMETSP0780,MMETSP0780_2
MMETSP0794,MMETSP0794_2
MMETSP0803,MMETSP0803_2
MMETSP0806,MMETSP0806_2
MMETSP0807,MMETSP0807_2
MMETSP0811,MMETSP0811_2
MMETSP0894,MMETSP0894_2
MMETSP0895,MMETSP0895_2
MMETSP0896,MMETSP0896_2
MMETSP0897,MMETSP0897_2
MMETSP0898,MMETSP0898_2
MMETSP0899,MMETSP0899_2
MMETSP0900,MMETSP0900_2
MMETSP0901,MMETSP0901_2
MMETSP0922,MMETSP0922C
MMETSP0924,MMETSP0924C
MMETSP1036,MMETSP1036_2
MMETSP1037,MMETSP1037_2
MMETSP1038,MMETSP1038_2
